{
  "name": "言灵解放",
  "version": "1.1.0",
  "styleFileList": [
  ],
  "scriptFileList": [
  ],
  "tweeFileList": [
  ],
  "imgFileList": [
  ],
  "additionFile": [
    "readme.txt"
  ],
  "addonPlugin": [
    {
      "modName": "ReplacePatcher",
      "addonName": "ReplacePatcherAddon",
      "modVersion": "1.0.0",
      "params": {
        "js": [
        ],
        "css": [
        ],
        "twee": [
          {
            "passageName": "Island Build Simple Decor",
            "from": "<<set $island[$island.home].decoration to Util.escape($island[$island.home].decoration).replace(/\\[/g, \"&#91;\").replace(/\\]/g, \"&#93;\")>>",
            "to": ""
          },
          {
            "passageName": "Museum Horse Safe Word",
            "from": "<<set $wintersafeword to Util.escape($wintersafeword).replace(/\\[/g, \"&#91;\").replace(/\\]/g, \"&#93;\")>>",
            "to": ""
          },
          {
            "passageName": "Furniture Shop Papers",
            "from": "<<set _normalisedName to Util.escape(_chosenPosterCustom).replace(/\\[/g, \"&#91;\").replace(/\\]/g, \"&#93;\")>>",
            "to": "<<set _normalisedName to _chosenPosterCustom>>"
          },
          {
            "passageName": "Furniture Shop Papers",
            "from": "<<set _normalisedName to Util.escape(_chosenWallpaperCustom).replace(/\\[/g, \"&#91;\").replace(/\\]/g, \"&#93;\")>>",
            "to": "<<set _normalisedName to _chosenWallpaperCustom>>"
          }
        ]
      }

    }
  ],
  "dependenceInfo": [
    {
      "modName": "ReplacePatcher",
      "version": "^1.0.0"
    }
  ]
}