{
  "name": "随身言灵",
  "version": "1.0.0",
  "styleFileList": [
  ],
  "scriptFileList": [
  ],
  "tweeFileList": [
  ],
  "imgFileList": [
  ],
  "additionFile": [
    "readme.txt"
  ],
  "addonPlugin": [
    {
      "modName": "ReplacePatcher",
      "addonName": "ReplacePatcherAddon",
      "modVersion": "1.0.0",
      "params": {
        "js": [
        ],
        "css": [
        ],
        "twee": [
          {
            "passageName": "StoryCaption",
            "from": "<<if $options.tipdisable is \"f\">>",
            "to": "<span class=\"gold\">言灵: <br></span><<if $cccheat is undefined>><<set $cccheat to []>><</if>><<for _i to 0; _i lt $cccheat.length; _i++>><<set _j to _i + 1>>(_j) $cccheat[_i]<</for>><<textbox \"_cccheat\" \"\">><<button [[加入|$passage]]>><<if _cccheat != \"\">><<set $cccheat[$cccheat.length] to _cccheat>><</if>><</button>><br><<listbox \"_cccount\" autoselect>><<option \"未选中\">><<optionsfrom $cccheat>><</listbox>><<button [[指定刪除|$passage]]>><<if _cccount isnot \"未选中\">><<set $cccheat.delete(_cccount)>><</if>><</button>><br><<button [[清除|$passage]]>><<set $cccheat to []>><</button>><br><<if $options.tipdisable is \"f\">>"
          }
        ]
      }

    }
  ],
  "dependenceInfo": [
    {
      "modName": "ReplacePatcher",
      "version": "^1.0.0"
    }
  ]
}