{
  "name": "血量显示",
  "version": "1.0.0",
  "styleFileList": [
  ],
  "scriptFileList": [
  ],
  "tweeFileList": [
  ],
  "imgFileList": [
  ],
  "additionFile": [
    "readme.txt"
  ],
  "addonPlugin": [
    {
      "modName": "ReplacePatcher",
      "addonName": "ReplacePatcherAddon",
      "modVersion": "1.0.0",
      "params": {
        "js": [
        ],
        "css": [
        ],
        "twee": [
          {
            "passageName": "Widgets State Man",
            "from": "<<if $loveDrunk>>",
            "to": "<<if true>>\n\t\t\t<<if $enemyhealth lte 0>>\n\t\t\t\t<<combatcontrol 15>><<def 10>>\n\t\t\t<</if>>\n\t\t\t<<if $_enemies is 1>>\n\t\t\t\t<<if $loveDrunk>>\n\t\t\t\t\t<<set _col to \"lustful\">>\n\t\t\t\t<<elseif $enemyhealth gte $enemyhealthmax>>\n\t\t\t\t\t<<set _col to \"red\">>\n\t\t\t\t<<elseif $enemyhealth gte ($enemyhealthmax / 5) * 4>>\n\t\t\t\t\t<<set _col to \"pink\">>\n\t\t\t\t<<elseif $enemyhealth gte ($enemyhealthmax / 5) * 3>>\n\t\t\t\t\t<<set _col to \"purple\">>\n\t\t\t\t<<elseif $enemyhealth gte ($enemyhealthmax / 5) * 2>>\n\t\t\t\t\t<<set _col to \"blue\">>\n\t\t\t\t<<elseif $enemyhealth gte ($enemyhealthmax / 5) * 1>>\n\t\t\t\t\t<<set _col to \"lblue\">>\n\t\t\t\t<<elseif $enemyhealth gt 0>>\n\t\t\t\t\t<<set _col to \"teal\">>\n\t\t\t\t<<elseif $enemyhealth lte 0>>\n\t\t\t\t\t<<set _col to \"green\">>\n\t\t\t\t<</if>>\n\t\t\t\t<span @class=_col><<He>>的血量: <<print Math.ceil($enemyhealth)>> / $enemyhealthmax</span>\n\t\t\t\t<br>\n\t\t\t<<else>>\n\t\t\t\t<<for _npctodamage to 0; _npctodamage lt $enemynomax; _npctodamage++>>\n\t\t\t\t\t<<if $NPCList[_npctodamage].active is \"active\" and $NPCList[_npctodamage].stance isnot \"defeated\">>\n\t\t\t\t\t\t<<if $loveDrunk>>\n\t\t\t\t\t\t\t<<set _col to \"lustful\">>\n\t\t\t\t\t\t<<elseif $NPCList[_npctodamage].health gte $NPCList[_npctodamage].healthmax>>\n\t\t\t\t\t\t\t<<set _col to \"red\">>\n\t\t\t\t\t\t<<elseif $NPCList[_npctodamage].health gte ($NPCList[_npctodamage].healthmax / 5) * 4>>\n\t\t\t\t\t\t\t<<set _col to \"pink\">>\n\t\t\t\t\t\t<<elseif $NPCList[_npctodamage].health gte ($NPCList[_npctodamage].healthmax / 5) * 3>>\n\t\t\t\t\t\t\t<<set _col to \"purple\">>\n\t\t\t\t\t\t<<elseif $NPCList[_npctodamage].health gte ($NPCList[_npctodamage].healthmax / 5) * 2>>\n\t\t\t\t\t\t\t<<set _col to \"blue\">>\n\t\t\t\t\t\t<<elseif $NPCList[_npctodamage].health gte ($NPCList[_npctodamage].healthmax / 5) * 1>>\n\t\t\t\t\t\t\t<<set _col to \"lblue\">>\n\t\t\t\t\t\t<<elseif $NPCList[_npctodamage].health gt 0>>\n\t\t\t\t\t\t\t<<set _col to \"teal\">>\n\t\t\t\t\t\t<<elseif $NPCList[_npctodamage].health lte 0>>\n\t\t\t\t\t\t\t<<set _col to \"green\">>\n\t\t\t\t\t\t<</if>>\n\t\t\t\t\t\t<<set _nameB to $NPCList[_npctodamage].fullDescription.replace(\"Avery\",\"艾弗里\").replace(\"Bailey\",\"贝利\").replace(\"Briar\",\"布莱尔\").replace(\"Charlie\",\"查里\").replace(\"Darryl\",\"达里尔\").replace(\"Doren\",\"多伦\").replace(\"Eden\",\"伊甸\").replace(\"Gwylan\",\"格威岚\").replace(\"Harper\",\"哈珀\").replace(\"Jordan\",\"约旦\").replace(\"Kylar\",\"凯拉尔\").replace(\"Landry\",\"兰德里\").replace(\"Leighton\",\"礼顿\").replace(\"Mason\",\"梅森\").replace(\"Morgan\",\"摩根\").replace(\"River\",\"瑞沃\").replace(\"Robin\",\"罗宾\").replace(\"Sam\",\"萨姆\").replace(\"Sirris\",\"西里斯\").replace(\"Whitney\",\"惠特尼\").replace(\"Winter\",\"温特\").replace(\"Niki\",\"尼奇\").replace(\"Quinn\",\"奎恩\").replace(\"Remy\",\"雷米\").replace(\"Alex\",\"艾利克斯\").replace(\"Wren\",\"伦恩\").replace(\"Sydney\",\"悉尼\").replace(\"Taylor\",\"泰勒\").replace(\"Casey\",\"凯西\").replace(\"Ivory Wraith\",\"象牙幽灵\").replace(\"Black Wolf\",\"黑狼\").replace(\"Great Hawk\",\"巨鹰\").replace(\"Zephyr\",\"泽菲尔\")>>\n\t\t\t\t\t\t<span @class=_col>_nameB血量: <<print Math.ceil($NPCList[_npctodamage].health)>> / $NPCList[_npctodamage].healthmax</span>\n\t\t\t\t\t\t<br>\n\t\t\t\t\t<</if>>\n\t\t\t\t<</for>>\n\t\t\t<</if>>\n\t\t\t<<if $enemyarousal gte $enemyarousalmax>>\n\t\t\t\t<<set _col to \"red\">>\n\t\t\t<<elseif $enemyarousal gte ($enemyarousalmax / 5) * 4>>\n\t\t\t\t<<set _col to \"pink\">>\n\t\t\t<<elseif $enemyarousal gte ($enemyarousalmax / 5) * 3>>\n\t\t\t\t<<set _col to \"purple\">>\n\t\t\t<<elseif $enemyarousal gte ($enemyarousalmax / 5) * 2>>\n\t\t\t\t<<set _col to \"blue\">>\n\t\t\t<<elseif $enemyarousal gte ($enemyarousalmax / 5) * 1>>\n\t\t\t\t<<set _col to \"lblue\">>\n\t\t\t<<elseif $enemyarousal gt 0>>\n\t\t\t\t<<set _col to \"teal\">>\n\t\t\t<<elseif $enemyarousal lte 0>>\n\t\t\t\t<<set _col to \"green\">>\n\t\t\t<</if>>\n\t\t\t<span @class=_col><<He>>的性奋: <<print Math.ceil($enemyarousal)>> / $enemyarousalmax</span>\n\t\t\t<br>\n\t\t\t<<if $enemyanger gte $enemyangermax>>\n\t\t\t\t<<set _col to \"red\">>\n\t\t\t<<elseif $enemyanger gte ($enemyangermax / 5) * 4>>\n\t\t\t\t<<set _col to \"pink\">>\n\t\t\t<<elseif $enemyanger gte ($enemyangermax / 5) * 3>>\n\t\t\t\t<<set _col to \"purple\">>\n\t\t\t<<elseif $enemyanger gte ($enemyangermax / 5) * 2>>\n\t\t\t\t<<set _col to \"blue\">>\n\t\t\t<<elseif $enemyanger gte ($enemyangermax / 5) * 1>>\n\t\t\t\t<<set _col to \"lblue\">>\n\t\t\t<<elseif $enemyanger gt 0>>\n\t\t\t\t<<set _col to \"teal\">>\n\t\t\t<<elseif $enemyanger lte 0>>\n\t\t\t\t<<set _col to \"green\">>\n\t\t\t<</if>>\n\t\t\t<span @class=_col><<He>>的愤怒: <<print Math.ceil($enemyanger)>> / $enemyangermax</span>\n\t\t\t<br>\n\t\t\t<<if $enemytrust lte -100>>\n\t\t\t\t<<set _col to \"red\">>\n\t\t\t<<elseif $enemytrust lte -60>>\n\t\t\t\t<<set _col to \"pink\">>\n\t\t\t<<elseif $enemytrust lte -20>>\n\t\t\t\t<<set _col to \"purple\">>\n\t\t\t<<elseif $enemytrust lte 20>>\n\t\t\t\t<<set _col to \"blue\">>\n\t\t\t<<elseif $enemytrust lte 60>>\n\t\t\t\t<<set _col to \"lblue\">>\n\t\t\t<<elseif $enemytrust lte 100>>\n\t\t\t\t<<set _col to \"teal\">>\n\t\t\t<<elseif $enemytrust gt 100>>\n\t\t\t\t<<set _col to \"green\">>\n\t\t\t<</if>>\n\t\t\t<span @class=_col><<He>>的信任: <<print Math.ceil($enemytrust)>></span>\n\t\t\t<br>\n\t\t\t<<else>>\n\n\t\t\t<<if $loveDrunk>>"
          },
          {
            "passageName": "Widgets State Man",
            "from": "<<if $panicviolence is 0",
            "to": "<</if>>\n\t\t<<if $panicviolence is 0"
          }
        ]
      }

    }
  ],
  "dependenceInfo": [
    {
      "modName": "ReplacePatcher",
      "version": "^1.0.0"
    }
  ]
}